date,fname,male,female
2009-06-02 18:04:21,harold,True,False
2009-06-02 18:10:50,marie,False,True
2009-06-02 18:19:26,sylvain,True,False
2009-06-02 18:21:42,anne-sophie,False,True
2009-06-02 18:29:05,aurelie,False,True
2009-06-02 18:38:12,alizee,False,True
2009-06-02 18:48:05,louis,True,False
2009-06-02 18:59:09,nathan,True,False
2009-06-02 19:03:55,antoine,True,False
2009-06-02 19:42:22,jean-eudes,True,False
2009-06-02 20:04:34,marie,False,True
2009-06-02 22:34:59,olivier,True,False
2009-06-03 08:10:01,jacques,True,False
2009-06-03 09:56:43,vincent,True,False
2009-06-03 10:14:56,gabby,False,True
2009-06-03 10:14:57,adele,False,True
2009-06-03 10:54:19,mathilde,False,True
2009-06-03 11:02:51,alberto,True,False
2009-06-03 11:03:51,gauvain,True,False
2009-06-03 11:09:29,damian,True,False
2009-06-03 11:12:26,jean,True,False
2009-06-03 11:14:42,nicolas,True,False
2009-06-03 16:07:57,gregoire,True,False
2009-06-03 16:44:04,guillaume,True,False
2009-06-03 16:44:07,claire,False,True
2009-06-03 17:20:18,loic,True,False
2009-06-03 18:02:06,charlotte,False,True
2009-06-03 18:17:32,thomas,True,False
2009-06-03 19:47:31,stanislas,True,False
2009-06-03 19:55:49,theophile,True,False
2009-06-03 20:26:37,bianka,False,True
2009-06-04 07:41:59,gildas,True,False
2009-06-04 14:38:25,lauren,False,True
2009-06-04 14:38:29,remi,True,False
2009-06-04 14:38:35,maximilien,True,False
2009-06-04 14:44:56,laureen-emma,False,True
2009-06-04 18:20:16,cam,False,True
2009-06-04 18:40:14,theophanie,False,True
2009-06-04 19:23:52,antoine,True,False
2009-06-05 10:25:28,tifene,False,True
2009-06-05 14:36:43,penelope,False,True
2009-06-05 17:57:48,aymeric,True,False
2009-06-05 18:15:35,servane,False,True
2009-06-06 08:53:26,elliot,True,False
2009-06-06 18:06:07,marie,False,True
2009-06-07 10:06:09,yann,True,False
2009-06-07 20:13:25,jules,True,False
2009-06-08 12:05:04,antoine,True,False
2009-06-08 15:55:29,baptiste,True,False
2009-06-08 16:58:00,juliette,False,True
2009-06-08 18:01:17,quentin,True,False
2009-06-09 21:36:05,anthony,True,False
2009-06-10 15:39:49,marine,False,True
2009-06-10 17:10:56,thibaut,True,False
2009-06-10 17:11:07,clara,False,True
2009-06-10 19:36:24,baudouin,True,False
2009-06-11 10:40:50,jeremy,True,False
2009-06-14 15:07:57,joachim,True,False
2009-06-14 17:17:22,guillaume,True,False
2009-06-14 18:30:07,eni,False,True
2009-06-15 16:20:27,dia,False,True
2009-06-16 10:23:02,louis,True,False
2009-06-16 16:33:01,ym,True,False
2009-06-16 19:50:04,marie-agnes,False,True
2009-06-18 18:16:58,sofy,False,True
2009-06-18 19:33:37,sebastien,True,False
2009-06-18 20:22:04,paul,True,False
2009-06-20 09:22:23,arthur,True,False
2009-06-20 17:15:11,elise,False,True
2009-06-20 18:01:20,anne,False,True
2009-06-20 18:33:54,astrid,False,True
2009-06-21 08:09:39,michael,True,False
2009-06-21 08:32:06,charles-antonin,True,False
2009-06-21 10:46:11,mikael,True,False
2009-06-21 11:53:50,charles,True,False
2009-06-21 13:38:29,tristan,True,False
2009-06-21 16:00:25,lou,False,True
2009-06-21 17:24:40,karine,False,True
2009-06-22 10:14:07,antoine,True,False
2009-06-22 13:29:48,guillaume,True,False
2009-06-23 07:07:37,candice,False,True
2009-06-25 18:40:39,augustin,True,False
2009-07-04 13:24:57,edouard,True,False
2009-07-05 21:28:34,lucas,True,False
2009-07-08 07:49:12,mart,True,False
2009-07-13 11:18:10,victor,True,False
2009-07-28 11:54:57,pascal,True,False
2009-07-29 16:44:24,gabrielle,False,True
2009-08-01 09:42:36,marie-charlotte,False,True
2009-08-03 19:41:50,romain,True,False
2009-08-08 09:52:55,camille,False,True
2009-08-09 18:04:21,jean-baptiste,True,False
2009-08-17 09:25:42,jean-baptiste,True,False
2009-08-19 10:16:01,perrine,False,True
2009-08-28 08:38:20,raphaelle,False,True
2009-09-11 19:20:04,alice,False,True
2009-09-13 13:57:51,charles,True,False
2009-09-13 13:57:53,titi,True,False
2009-09-13 20:04:37,maxime,True,False
2009-09-14 17:07:47,solene,False,True
2009-09-17 05:01:05,louis-henri,True,False
2009-09-17 18:10:35,maxime,True,False
2009-09-18 19:32:55,maxime,True,False
2009-09-18 20:07:07,caroline,False,True
2009-09-19 09:43:51,wendy,False,True
2009-09-19 11:17:02,louis,True,False
2009-09-19 19:10:12,sarah,False,True
2009-09-19 19:11:43,sybille,False,True
2009-09-21 16:58:28,marie,False,True
2009-09-22 17:12:21,louis-victor,True,False
2009-09-22 18:07:52,guillaume,True,False
2009-09-22 18:19:58,antoine,True,False
2009-09-23 11:49:49,clara,False,True
2009-09-25 19:30:00,victor,True,False
2009-09-27 11:26:52,baptiste,True,False
2009-09-28 18:44:20,berenice,False,True
2009-10-02 16:24:52,rpt,False,False
2009-10-06 20:07:29,elsa,False,True
2009-10-12 17:24:52,valdo,True,False
2009-10-13 15:53:32,oscar,True,False
2009-10-13 15:53:34,louis-m,True,False
2009-10-14 11:41:15,isaure,False,True
2009-10-14 21:33:04,paul,True,False
2009-10-15 17:13:46,milan,True,False
2009-10-17 10:34:26,marie-cecile,False,True
2009-10-19 21:00:59,alice,False,True
2009-10-20 16:35:56,quiterie,False,True
2009-10-20 16:43:04,manon,False,True
2009-10-20 17:36:13,heloise,False,True
2009-10-20 18:00:49,hippolyte,True,False
2009-10-20 18:33:54,anne,False,True
2009-10-20 19:45:07,mahaut,False,True
2009-10-21 20:32:38,briana,False,True
2009-11-01 12:38:38,julie,False,True
2009-11-02 18:11:17,tallulah,False,True
2009-11-07 09:31:08,gauthier,True,False
2009-11-07 11:26:32,hadrien,True,False
2009-11-07 19:18:34,laure,False,True
2009-11-10 21:17:21,gautier,True,False
2009-11-13 19:27:38,lu,False,True
2009-11-16 19:15:33,benoit,True,False
2009-11-24 16:59:24,jean,True,False
2009-11-25 19:49:19,pauline,False,True
2009-11-26 12:13:11,henri,True,False
2009-12-05 20:39:47,paul,True,False
2009-12-13 19:22:58,agathe,False,True
2009-12-15 16:05:38,constance,False,True
2009-12-30 20:37:05,adrien,True,False
2010-01-02 17:39:04,victor,True,False
2010-01-03 18:02:32,quentin,True,False
2010-01-03 18:27:57,henri,True,False
2010-01-24 12:21:58,gregoire,True,False
2010-02-17 18:48:54,pierre-benoit,True,False
2010-03-18 20:16:38,manuel,True,False
2010-03-26 19:42:39,sarra,False,True
2010-04-06 17:08:52,maelys,False,True
2010-04-26 12:33:25,theophile,True,False
2010-04-26 12:43:43,marie,False,True
2010-04-26 17:17:36,claire,False,True
2010-04-26 17:25:03,aude,False,True
2010-04-26 20:04:55,vianney,True,False
2010-04-26 22:42:46,cyrille,True,False
2010-04-27 16:52:33,etienne,True,False
2010-04-27 16:53:24,clarisse,False,True
2010-04-27 17:38:54,coco,True,False
2010-04-28 10:37:00,anne-sophie,False,True
2010-04-29 18:36:12,auguste,True,False
2010-04-29 18:42:28,mathilde,False,True
2010-04-30 07:37:02,gladys,False,True
2010-05-01 13:17:06,pierre,True,False
2010-05-05 11:51:54,anne,False,True
2010-05-05 11:51:58,laura,False,True
2010-05-08 10:06:47,henri,True,False
2010-05-10 20:36:32,maxime,True,False
2010-05-18 16:22:27,antoine,True,False
2010-05-24 14:23:35,antoine,True,False
2010-05-24 21:39:26,filippo,True,False
2010-05-30 12:56:28,edwige,False,True
2010-06-03 16:40:25,clemence,True,False
2010-06-21 13:21:45,jean,True,False
2010-06-24 11:59:21,guilhem,True,False
2010-06-28 13:04:59,marine,False,True
2010-07-03 17:18:57,matthieu,True,False
2010-07-03 18:02:42,pierre,True,False
2010-07-04 07:10:32,simon,True,False
2010-07-10 09:02:26,florent,True,False
2010-07-14 13:20:38,rodolphe,True,False
2010-08-11 18:07:43,capucine,False,True
2010-08-13 17:53:27,clemence,True,False
2010-08-31 10:07:50,sarra,False,True
2010-09-10 16:24:12,marc,True,False
2010-09-21 16:44:04,arthur,True,False
2010-09-25 15:48:25,julien,True,False
2010-10-01 18:09:27,xavier,True,False
2010-10-01 20:18:12,ariane,False,True
2010-10-05 17:00:36,antoine,True,False
2010-10-06 18:29:39,hermine,False,True
2010-10-30 12:30:06,nicolas,True,False
2010-10-31 15:23:03,paul,True,False
2011-01-07 15:26:57,martin,True,False
2011-01-13 21:07:00,matthieu,True,False
2011-03-20 13:28:35,adelaide,False,True
2011-03-23 16:04:03,paul,True,False
2011-03-25 07:34:41,xavier,True,False
2011-04-03 08:47:41,come,True,False
2011-04-16 18:51:20,laetitia,False,True
2011-04-21 21:51:54,constance,False,True
2011-04-24 17:36:20,lucie,False,True
2011-05-20 18:24:34,sophie,False,True
2011-05-22 14:28:01,hermine,False,True
2011-05-22 19:31:20,louis,True,False
2011-05-22 19:31:21,alexandre,True,False
2011-05-22 20:37:01,daniel,True,False
2011-05-22 21:13:23,aymeric,True,False
2011-05-23 13:37:43,mathilde,False,True
2011-05-23 18:07:11,guillemette,False,True
2011-05-25 19:45:41,marie,False,True
2011-05-27 19:15:15,victor,True,False
2011-06-11 09:02:30,nofel,True,False
2011-07-04 16:53:25,esther,False,True
2011-07-23 18:14:56,leopold,True,False
2011-08-02 16:22:13,fujii,True,False
2011-08-02 19:19:47,lincoln,True,False
2011-08-03 09:39:42,francois,True,False
2011-08-04 23:24:45,eduardo,True,False
2011-08-05 04:33:33,ma,False,True
2011-08-07 04:59:53,mahoma,True,False
2011-08-07 06:19:22,al,True,False
2011-08-07 16:06:52,ombeline,False,True
2011-08-09 04:23:05,masahito,True,False
2011-08-09 04:50:39,margaux,False,True
2011-08-09 05:14:27,xavier,True,False
2011-08-09 17:28:47,elie,True,False
2011-08-10 03:32:04,louis,True,False
2011-08-11 04:03:44,segolene,False,True
2011-08-11 04:49:13,ludivine,False,True
2011-08-11 08:04:24,julie,False,True
2011-08-12 06:35:05,julia,False,True
2011-08-12 23:14:09,heidi,False,True
2011-08-15 20:55:01,orianne,False,True
2011-08-16 06:35:36,quentin,True,False
2011-08-20 03:14:03,clarissa,False,True
2011-08-23 04:31:10,celine,False,True
2011-08-23 04:48:19,stephie,False,True
2011-08-24 05:07:45,hugo,True,False
2011-08-24 05:34:00,olga,False,True
2011-08-27 19:34:35,anne-sophie,False,True
2011-08-28 09:32:20,fernando,True,False
2011-08-28 12:43:03,davide,True,False
2011-08-30 03:55:14,vanessa,False,True
2011-08-30 05:08:36,alline,False,True
2011-09-07 16:46:33,dany,True,False
2011-09-15 06:25:14,gauvain,True,False
2011-09-21 06:10:29,constance,False,True
2011-09-25 16:16:48,clotilde,False,True
2011-10-03 19:52:08,victor,True,False
2011-10-06 17:39:55,gabrielle,False,True
2011-10-28 20:28:52,diego,True,False
2011-11-03 20:32:00,xavier,True,False
2011-11-04 21:06:48,lorraine,False,True
2011-11-11 18:37:15,nicolas,True,False
2011-11-19 14:32:44,laurent,True,False
2011-11-24 21:18:49,emmanuel,True,False
2011-11-24 21:34:01,antonin,True,False
2011-11-24 21:52:47,thomas,True,False
2011-11-25 20:01:45,karen,False,True
2011-11-26 11:48:35,philippine,False,True
2011-11-30 09:45:23,juliette,False,True
2011-12-02 20:37:42,helene,False,True
2011-12-03 19:52:25,baron,True,False
2011-12-07 18:15:49,pierre,True,False
2011-12-16 23:30:04,alexander,True,False
2012-01-19 19:54:25,vincent,True,False
2012-01-19 21:08:10,maxence,True,False
2012-01-21 18:45:19,aro,True,False
2012-02-01 21:15:21,georges,True,False
2012-02-01 22:22:25,cedric,True,False
2012-02-02 22:21:06,charles,True,False
2012-02-03 20:47:17,emilie,False,True
2012-02-03 20:48:51,amable,True,False
2012-02-03 20:57:13,charlotte,False,True
2012-02-03 21:04:19,constantin,True,False
2012-02-03 21:08:28,alexis,True,False
2012-02-03 21:15:35,guillaume,True,False
2012-02-03 21:25:41,charles,True,False
2012-02-03 22:24:26,jb,True,False
2012-02-04 07:17:04,pierre-louis,True,False
2012-02-10 16:42:56,savine,False,True
2012-02-10 21:49:53,martin,True,False
2012-02-18 22:32:07,fabien,True,False
2012-04-12 19:49:58,janina,False,True
2012-04-29 19:56:00,leanne,False,True
2012-05-06 12:24:44,benjamin,True,False
2012-05-15 18:48:51,christian,True,False
2012-05-15 21:54:38,pierre,True,False
2012-05-18 18:34:08,brendan,True,False
2012-05-20 16:55:30,justine,False,True
2012-06-07 19:51:06,martin,True,False
2012-06-08 19:28:20,matthieu,True,False
2012-06-26 08:42:45,benoit,True,False
2012-06-26 08:42:52,term,False,False
2012-06-29 14:57:13,robin,True,False
2012-07-03 11:39:49,gregoire,True,False
2012-07-07 12:16:13,nic,True,False
2012-07-30 09:20:04,thomas,True,False
2012-07-30 10:06:22,matthieu,True,False
2012-07-30 10:34:34,timothee,True,False
2012-08-01 10:45:23,louis,True,False
2012-08-01 22:29:41,clement,True,False
2012-08-02 08:46:16,joris,True,False
2012-08-05 10:50:52,loic,True,False
2012-08-06 19:11:50,corine,False,True
2012-08-07 21:12:55,emma,False,True
2012-08-10 10:57:15,samuel,True,False
2012-08-11 01:50:58,celestine,False,True
2012-08-16 11:14:43,charlou,True,False
2012-08-19 19:45:42,jean-baptiste,True,False
2012-08-20 09:52:59,matthieu,True,False
2012-08-24 15:40:31,paul,True,False
2012-08-24 17:13:04,henri,True,False
2012-08-26 20:37:01,antoine,True,False
2012-08-29 04:57:05,stephane,True,False
2012-08-29 16:01:37,antonio,True,False
2012-08-30 05:59:04,guillaume,True,False
2012-09-02 15:53:15,mathilde,False,True
2012-09-09 14:07:28,laurent,True,False
2012-09-09 15:26:18,alexia,False,True
2012-09-11 21:02:08,joseph,True,False
2012-09-11 21:02:15,victor,True,False
2012-09-12 17:40:01,evelyne,False,True
2012-09-14 20:46:50,morgane,False,True
2012-09-14 20:46:52,aurelie,False,True
2012-09-14 20:46:54,marie,False,True
2012-09-14 20:52:41,benjamin,True,False
2012-09-15 12:55:27,florian,True,False
2012-09-15 13:30:55,zoe,False,True
2012-09-15 13:37:08,lucie,False,True
2012-09-15 14:15:38,alexandre,True,False
2012-09-15 14:26:05,clementine,False,True
2012-09-15 16:15:15,el,True,False
2012-09-15 16:51:39,lucille,False,True
2012-09-15 18:39:32,gaelle,False,True
2012-09-15 21:39:31,zoe,False,True
2012-09-16 07:45:58,manon,False,True
2012-09-18 19:27:56,may-line,False,True
2012-09-18 19:46:55,clemence,True,False
2012-09-18 19:56:00,elise,False,True
2012-09-18 20:07:36,emma,False,True
2012-09-18 20:09:12,celine,False,True
2012-09-18 20:15:03,louise,False,True
2012-09-18 20:30:13,laetitia,False,True
2012-09-18 20:39:28,madeleine,False,True
2012-09-18 21:41:19,cath,False,True
2012-09-19 05:18:29,pauline,False,True
2012-09-19 11:23:23,marie,False,True
2012-09-19 11:34:16,lea,False,True
2012-09-20 05:09:34,emile,True,False
2012-09-20 15:17:59,morgane,False,True
2012-09-22 19:51:01,margot,False,True
2012-09-23 19:16:56,alix,True,False
2012-10-01 17:49:26,aurelia,False,True
2012-11-12 18:01:21,chloe,False,True
2012-11-23 07:46:52,francois,True,False
2013-01-25 17:28:56,nicolas,True,False
2013-01-26 13:21:10,thomas,True,False
2013-02-11 21:29:38,matthieu,True,False
2013-02-11 23:01:15,philippine,False,True
2013-02-12 10:32:38,chloe,False,True
2013-02-14 12:53:40,geoffroy,True,False
2013-03-18 19:55:59,margaux,False,True
2013-03-24 22:04:23,margot,False,True
2013-04-05 19:57:08,gabriele,False,True
2013-04-05 20:01:02,jeanne,False,True
2013-05-28 21:27:19,bernard,True,False
2013-06-03 19:00:28,alice,False,True
2013-06-03 20:32:54,victor,True,False
2013-06-04 17:06:09,eliore,False,True
2013-06-07 05:00:25,matthieu,True,False
2013-06-08 09:09:51,pierre,True,False
2013-06-08 11:01:53,nestor,True,False
2013-06-11 16:58:17,baudouin,True,False
2013-06-13 18:36:54,ayman,True,False
2013-06-18 13:52:57,clementine,False,True
2013-06-19 22:50:57,camille,False,True
2013-07-07 23:50:33,louis,True,False
2013-08-01 17:25:02,paul,True,False
2013-08-12 22:24:01,margot,False,True
2013-08-13 16:50:24,pierre,True,False
2013-08-22 17:28:47,francois,True,False
2013-08-25 12:56:47,xavier,True,False
2013-08-30 21:03:17,weronika,False,True
2013-08-30 22:02:08,catherine,False,True
2013-09-01 20:57:44,julie,False,True
2013-09-02 07:56:08,laura,False,True
2013-09-02 17:44:43,matthias,True,False
2013-09-03 16:44:12,claire,False,True
2013-09-06 20:49:43,annael,False,True
2013-09-06 21:06:30,nicolas,True,False
2013-09-07 05:43:58,hugues,True,False
2013-09-10 09:10:32,marion,False,True
2013-09-15 09:00:19,yoluene,False,True
2013-09-15 16:05:56,clara,False,True
2013-09-15 16:07:40,lara,False,True
2013-09-15 16:16:53,adeline,False,True
2013-09-15 16:34:22,cyrielle,False,True
2013-09-15 17:08:02,thomas,True,False
2013-09-15 17:14:59,nadia,False,True
2013-09-15 17:27:58,camille,False,True
2013-09-15 17:47:30,alexandre,True,False
2013-09-15 19:00:40,alberic,True,False
2013-09-15 19:02:45,manon,False,True
2013-09-15 19:16:42,juliette,False,True
2013-09-15 19:22:37,laure,False,True
2013-09-15 19:26:07,mathilde,False,True
2013-09-15 19:33:15,charlotte,False,True
2013-09-15 19:47:24,alexis,True,False
2013-09-15 19:49:08,benoit,True,False
2013-09-15 20:04:36,emma,False,True
2013-09-16 16:34:24,lou-andrea,False,True
2013-09-16 16:55:16,alix,True,False
2013-09-16 18:47:27,chloe,False,True
2013-09-16 19:17:18,camille,False,True
2013-09-17 05:01:23,alice,False,True
2013-09-17 11:49:32,manuela,False,True
2013-09-18 15:18:42,heloise,False,True
2013-09-21 22:05:59,juliette,False,True
2013-09-21 22:46:47,maximilianos,True,False
2013-09-30 15:56:38,loic,True,False
2013-10-10 20:30:20,clara,False,True
2013-10-27 04:13:53,natsumi,False,True
2013-11-05 17:22:12,mathilde,False,True
2013-11-05 18:30:07,violaine,False,True
2013-11-05 18:47:33,yrieix,True,False
2013-11-10 23:53:46,simon,True,False
2013-11-18 19:37:02,sophie,False,True
2013-12-03 21:59:30,trieu,True,False
2013-12-15 21:05:44,domitille,False,True
2013-12-17 21:32:39,yanis,True,False
2013-12-22 22:04:33,benjamin,True,False
2014-01-05 10:36:22,solene,False,True
2014-01-07 13:18:24,aymard,True,False
2014-01-21 21:53:03,nathalie,False,True
2014-01-25 07:40:49,axel,False,True
2014-01-26 11:10:34,lucas,True,False
2014-01-26 11:28:50,lisa,False,True
2014-02-02 11:27:26,laura,False,True
2014-02-18 19:48:50,antoine,True,False
2014-03-16 14:32:58,natacha,False,True
2014-06-15 12:34:06,laure,False,True
2014-07-21 20:03:44,victor,True,False
2014-09-07 00:28:53,quentin,True,False
2014-09-07 00:29:48,manon,False,True
2014-09-09 20:50:42,valerie,False,True
2014-09-10 22:35:00,corentin,True,False
2014-09-10 22:35:46,julien,True,False
2014-09-10 22:36:08,anna,False,True
2014-09-10 22:54:00,alexis,True,False
2014-09-10 23:28:08,louis,True,False
2014-09-11 00:29:13,bastien,True,False
2014-09-11 00:29:42,baptiste,True,False
2014-09-11 00:38:04,margot,False,True
2014-09-11 05:38:57,carl,True,False
2014-09-11 06:00:51,marie,False,True
2014-09-11 07:14:12,ju,False,True
2014-09-11 07:44:39,jules,True,False
2014-09-11 07:45:18,gabriel,True,False
2014-09-11 08:17:47,victor,True,False
2014-09-11 08:44:16,alex,True,False
2014-09-11 09:50:46,antoine,True,False
2014-09-11 10:37:50,louis-maxime,True,False
2014-09-11 15:19:40,robin,True,False
2014-09-11 18:02:40,quentin,True,False
2014-09-11 22:45:36,julien,True,False
2014-09-13 09:38:54,antoine,True,False
2014-09-13 11:41:02,robin,True,False
2014-09-14 12:39:45,christopher,True,False
2014-09-14 18:24:01,antoine,True,False
2014-09-17 10:46:39,elodie,False,True
2014-09-18 21:56:01,bds,False,False
2014-09-22 18:58:59,arthur,True,False
2014-09-22 18:59:01,camille,False,True
2014-09-22 18:59:03,pierre-louis,True,False
2014-09-22 18:59:55,melanie,False,True
2014-09-23 17:56:07,momo,True,False
2014-09-23 17:59:08,thomas,True,False
2014-09-23 17:59:44,lucile,False,True
2014-09-23 18:06:32,bihui,True,False
2014-09-23 18:42:51,marine-sophie,False,True
2014-09-23 20:49:04,luc,True,False
2014-09-23 21:06:02,nicolas,True,False
2014-09-23 21:51:55,yves,True,False
2014-09-24 07:03:09,ad,False,True
2014-09-25 12:06:50,etienne,True,False
2014-09-25 13:20:04,clotilde,False,True
2014-09-26 05:38:04,yani,True,False
2014-09-26 11:57:19,victor,True,False
2014-09-26 12:35:16,geolian,False,False
2014-09-27 21:34:37,thomas,True,False
2014-10-01 05:54:40,jennifer,False,True
2014-10-02 08:42:52,paul,True,False
2014-10-02 09:06:53,thomas,True,False
2014-10-02 09:07:22,gregory,True,False
2014-10-02 09:46:56,thomas,True,False
2014-10-02 12:26:35,brieuc,True,False
2014-10-03 11:15:35,al,True,False
2014-10-03 15:57:06,romain,True,False
2014-10-04 07:11:45,yellow-ra,False,True
2014-10-04 15:30:25,lauriane,False,True
2014-10-05 13:49:36,arthur,True,False
2014-10-06 08:20:38,elisabeth,False,True
2014-10-06 19:41:46,maelle,False,True
2014-10-10 07:40:41,paola,False,True
2014-10-16 20:59:00,augustin,True,False
2014-10-16 21:00:47,pierre,True,False
2014-10-19 17:13:57,julien,True,False
2014-10-19 17:28:01,benjamin,True,False
2014-10-21 06:49:16,lio,True,False
2014-10-22 16:55:08,matmath,True,False
2014-10-23 18:57:08,pauline,False,True
2014-10-24 05:52:26,charly,True,False
2014-10-24 22:49:06,damien,True,False
2014-10-25 07:03:01,maxim,True,False
2014-10-25 08:04:34,clement,True,False
2014-10-25 16:07:05,florence,False,True
2014-11-01 13:47:11,julien,True,False
2014-11-09 16:26:15,elsa,False,True
2014-11-09 16:52:33,johan,True,False
2014-11-10 18:18:35,melina,False,True
2014-11-11 17:22:51,evan,True,False
2014-11-18 20:13:30,bene,False,True
2014-11-20 20:34:47,laure,False,True
2014-11-21 09:33:09,paul,True,False
2014-11-26 06:34:57,coralie,False,True
2014-11-26 22:06:02,camille,False,True
2014-11-28 18:59:48,mickael,True,False
2014-11-28 23:03:25,margot,False,True
2014-11-29 20:17:25,colin,True,False
2014-11-30 10:06:06,nabil,True,False
2014-12-03 17:20:48,thomas,True,False
2014-12-03 21:55:24,hugues,True,False
2014-12-04 08:04:00,romain,True,False
2014-12-04 14:37:28,jeremie,True,False
2014-12-10 10:47:29,laura,False,True
2014-12-10 16:22:29,victor,True,False
2014-12-11 11:12:07,marine,False,True
2014-12-11 16:11:56,cecilia,False,True
2014-12-11 16:23:53,margaux,False,True
2014-12-16 16:58:25,camille,False,True
2014-12-22 23:45:18,anouk,False,True
2014-12-23 09:58:18,jade,False,True
2014-12-26 14:42:51,mallaurie,False,True
2014-12-27 18:26:52,boris,True,False
2014-12-28 10:03:14,manon,False,True
2015-01-08 09:06:39,sara,False,True
2015-01-08 17:51:48,jeff,True,False
2015-01-12 01:01:19,pierre,True,False
2015-01-13 17:29:03,geol,False,False
2015-01-13 17:29:05,guigui,True,False
2015-01-21 17:19:49,melchior,True,False
2015-01-22 19:16:03,surviva,False,False
2015-01-29 13:33:24,jean,True,False
2015-02-08 12:56:13,bde,False,False
2015-02-10 13:55:38,joris,True,False
2015-02-10 14:24:43,lydie,False,True
2015-02-10 16:23:43,julie,False,True
2015-02-12 20:55:13,maud,False,True
2015-02-13 07:51:27,elise,False,True
2015-02-15 20:53:01,monty,True,False
2015-02-16 07:57:19,rock'n,False,False
2015-02-17 16:43:50,ketleen,False,True
2015-03-01 10:56:48,christopher,True,False
2015-03-02 12:19:46,agathe,False,True
2015-03-03 22:49:14,alexandre,True,False
2015-03-04 00:38:52,saul,True,False
2015-03-09 09:37:21,charles,True,False
2015-03-15 20:00:14,agnes,False,True
2015-03-20 13:41:07,corentin,True,False
2015-03-25 21:57:40,marie-alix,False,True
2015-04-03 05:37:20,leenane,False,True
2015-04-05 18:27:37,marion,False,True
2015-04-09 15:31:23,wil,True,False
2015-04-11 09:02:02,ivan,True,False
2015-04-11 09:22:18,salima,False,True
2015-04-11 16:26:16,gaetan,True,False
2015-04-11 18:15:58,eloise,False,True
2015-04-25 23:19:09,ophelie,False,True
2015-05-03 19:56:48,sacha,True,False
2015-05-27 20:58:43,kristelle,False,True
2015-06-07 10:49:17,hucho,True,False
2015-06-07 22:52:51,martial,True,False
2015-07-28 01:01:49,morgane,False,True
2015-08-16 00:46:10,jason,True,False
2015-08-21 17:59:30,frank,True,False
2015-08-21 22:16:08,gaolee,False,True
2015-08-24 10:29:41,stanislas,True,False
2015-08-27 10:39:00,nicolas,True,False
2015-09-04 13:34:36,quentin,True,False
2015-09-05 08:30:27,etienne,True,False
2015-09-11 15:05:51,jessica,False,True
2015-09-11 15:07:24,caroline,False,True
2015-09-12 07:10:11,paul,True,False
2015-09-22 20:24:59,marion,False,True
2015-09-22 20:28:20,martin,True,False
2015-09-30 10:45:02,quentin,True,False
2015-10-04 13:33:06,ludovie,False,True
2015-10-08 20:35:59,celine,False,True
2015-10-23 10:16:03,nicolas,True,False
2015-10-24 20:30:42,brar,True,False
2015-11-05 21:45:15,alexandre,True,False
2015-11-06 17:18:13,paul,True,False
2015-11-08 15:46:29,alexandre,True,False
2015-11-09 19:59:53,felipe,True,False
2015-11-15 13:23:00,corinne,False,True
2015-11-26 11:31:04,jonas,True,False
2015-11-29 14:30:29,kevin,True,False
2015-12-01 21:55:11,lucio,True,False
2015-12-26 11:18:43,cap,False,True
2016-01-20 06:43:03,jeanne,False,True
2016-01-30 20:18:28,gregory,True,False
2016-02-05 19:43:18,sogolon,True,False
2016-02-08 12:48:04,samir,True,False
2016-02-14 07:29:47,matthieu,True,False
2016-02-24 17:25:47,laeti,False,True
2016-03-15 18:01:46,ceyhun,True,False
2016-03-15 18:30:53,claire,False,True
2016-03-15 21:13:48,emma,False,True
2016-03-20 13:00:04,loeiza,False,True
2016-03-20 22:24:22,baptiste,True,False
2016-03-22 09:22:15,remichou,True,False
2016-03-22 09:31:00,martin,True,False
2016-03-24 09:34:30,fabien,True,False
2016-03-24 18:20:16,pierre,True,False
2016-03-27 11:05:51,joffrey,True,False
2016-04-02 13:49:59,flo,False,True
2016-04-04 21:10:06,patrick,True,False
2016-04-05 18:08:34,lenar,True,False
2016-04-11 14:43:21,laure,False,True
2016-04-19 21:22:04,elie,True,False
2016-04-20 22:20:33,vincent,True,False
2016-05-02 14:33:40,clement,True,False
2016-05-04 15:43:47,martial,True,False
2016-05-09 15:37:43,clemence,True,False
2016-05-09 15:39:36,marianne,False,True
2016-05-09 19:22:48,clemence,True,False
2016-05-10 15:10:58,valentin,True,False
2016-05-11 10:46:27,quentin,True,False
2016-05-13 16:06:16,claire-lise,False,True
2016-05-15 20:31:00,ombline,False,True
2016-06-01 19:13:34,sylvie,False,True
2016-06-05 07:36:09,alexandre,True,False
2016-06-14 18:16:45,el,True,False
2016-07-10 13:02:34,jeremy,True,False
2016-07-31 17:10:10,hadhemi,False,True
2016-08-23 12:46:20,claire,False,True
2016-09-08 12:56:17,anne,False,True
2016-09-29 06:02:57,nathanael,True,False
2016-10-02 16:30:36,marine,False,True
2016-10-02 16:38:35,marine,False,True
2016-10-03 11:08:53,adrien,True,False
2016-10-05 16:51:05,remi,True,False
2016-10-05 21:09:45,marion,False,True
2016-10-10 21:09:16,emma,False,True
2016-10-11 05:36:12,louise,False,True
2016-10-15 12:25:38,mathis,True,False
2016-10-18 18:38:15,etienne,True,False
2016-10-19 21:29:56,gabrielle,False,True
2016-10-20 12:26:09,aude,False,True
2016-10-22 16:44:25,corentin,True,False
2016-11-03 15:17:00,capucine,False,True
2016-11-11 16:02:37,pierre,True,False
2016-11-17 21:02:24,paul,True,False
2016-11-22 08:23:57,julien,True,False
2016-11-22 13:19:42,caroline,False,True
2016-11-25 13:09:08,alice,False,True
2016-11-25 23:00:14,virgile,True,False
2016-11-26 15:54:35,tatiana,False,True
2016-11-27 11:24:17,mathilde,False,True
2016-11-27 11:40:19,camille,False,True
2016-11-27 11:41:09,louise,False,True
2016-11-27 11:59:59,eva,False,True
2016-11-27 12:06:37,aline,False,True
2016-11-27 15:45:21,nicolas,True,False
2016-12-04 15:44:16,elio,True,False
2016-12-05 16:04:08,julien,True,False
2016-12-05 22:58:53,kimberley,False,True
2016-12-07 19:15:14,priscille,False,True
2016-12-08 23:26:35,maylis,False,True
2016-12-09 20:03:00,astrid,False,True
2017-01-27 13:47:32,alexandre,True,False
2017-02-23 20:41:25,erwann,True,False
2017-02-23 21:06:02,matthieu,True,False
2017-02-24 07:33:26,camille,False,True
2017-02-25 08:17:32,margot,False,True
2017-03-06 16:43:50,carole,False,True
2017-03-11 19:23:40,cyril,True,False
2017-03-11 19:24:58,pierre,True,False
2017-03-13 12:02:39,gregoire,True,False
2017-03-20 21:43:13,mathilde,False,True
2017-04-02 10:46:21,tzari,True,False
2017-04-04 05:26:19,jean-marc,True,False
2017-04-16 17:19:52,eliot,True,False
2017-04-19 10:17:36,don,True,False
2017-04-27 14:12:57,alix,True,False
2017-05-17 19:16:59,paul,True,False
2017-05-20 23:37:56,maria,False,True
2017-06-24 21:24:18,luc,True,False
2017-06-24 21:40:07,lucy,False,True
2017-06-24 22:22:27,bastien,True,False
2017-06-25 16:50:13,quentin,True,False
2017-07-09 16:22:08,aristides,True,False
2017-07-10 13:19:39,nathan,True,False
2017-07-13 11:14:33,antoine,True,False
2017-07-29 11:10:15,camille,False,True
2017-08-10 11:16:13,adel,True,False
2017-09-08 18:26:32,flo,False,True
2017-09-10 16:32:37,denise,False,True
2017-09-10 16:32:38,timo,True,False
2017-09-14 17:24:13,manon,False,True
2017-09-18 07:05:04,gabriel,True,False
2017-09-29 15:40:19,thai-an,False,True
2017-09-29 15:40:20,robin,True,False
2017-09-29 15:40:21,samer,True,False
2017-09-30 09:32:43,alexandre,True,False
2017-10-01 18:48:49,fabrice,True,False
2017-10-06 05:35:03,christophe,True,False
2017-10-10 12:46:59,christopher,True,False
2017-10-10 16:25:53,herm,False,True
2017-10-14 08:51:45,jean-marc,True,False
2017-10-14 08:54:17,clement,True,False
2017-10-14 09:04:21,xavier,True,False
2017-10-14 16:59:00,cyril,True,False
2017-10-15 15:06:16,marion,False,True
2017-10-15 17:09:03,remi,True,False
2017-10-15 18:28:59,alex,True,False
2017-10-16 19:28:36,claire,False,True
2017-10-16 21:38:17,linda,False,True
2017-10-17 15:47:27,nick,True,False
2017-10-17 16:40:22,olivier,True,False
2017-10-17 17:22:31,randy,True,False
2017-10-17 17:26:58,joseph,True,False
2017-10-17 18:03:34,clement,True,False
2017-10-17 19:05:01,yoann,True,False
2017-10-17 19:45:25,quentin,True,False
2017-10-18 20:08:43,maxime,True,False
2017-10-18 21:26:38,remi,True,False
2017-10-25 22:54:23,esther,False,True
2017-10-28 18:48:17,kaichen,False,True
2017-10-29 22:33:27,jerome,True,False
2017-10-31 00:33:58,alexandre,True,False
2017-10-31 05:54:22,marine,False,True
2017-11-06 08:32:33,badr,True,False
2017-11-09 19:29:42,anne-sophie,False,True
2017-11-10 13:30:58,baptiste,True,False
2017-11-10 13:32:38,antoine,True,False
2017-11-11 11:07:03,daichi,True,False
2017-11-12 11:29:34,jiaqi,True,False
2017-11-13 09:17:10,sarah,False,True
2017-11-13 22:53:15,julie,False,True
2017-11-13 22:53:39,maria,False,True
2017-11-17 20:34:56,mathilde,False,True
2017-11-18 09:34:18,maha,False,True
2017-11-19 13:12:31,eva,False,True
2017-11-25 18:49:19,roy,True,False
2017-11-29 10:15:50,juliette,False,True
2017-11-30 22:21:04,laina,False,True
2017-12-04 18:55:15,vanessa,False,True
2017-12-05 07:36:44,francis,True,False
2017-12-08 12:01:01,mia,False,True
2017-12-10 10:27:26,diane,False,True
2017-12-10 10:37:56,benedicte,False,True
2017-12-11 01:02:09,corentin,True,False
2017-12-13 13:23:04,estelle,False,True
2017-12-13 13:39:22,theo,True,False
2017-12-19 17:20:07,camille,False,True
2018-01-10 12:17:16,ht,True,False
2018-01-23 22:42:21,stephane,True,False
2018-01-23 23:28:02,nicolas,True,False
2018-02-04 19:17:37,ingrid,False,True
2018-02-04 20:43:57,louis-geoffroy,True,False
2018-02-04 20:54:27,augustin,True,False
2018-02-04 21:05:46,alice,False,True
2018-02-05 08:50:14,romain,True,False
2018-02-06 11:07:57,marie-chantal,False,True
2018-02-07 13:39:07,aurelien,True,False
2018-02-07 21:22:50,antoine,True,False
2018-02-22 23:01:36,cline,False,True
2018-02-25 08:58:14,yolene,False,True
2018-02-25 17:06:01,claire,False,True
2018-02-25 17:38:36,julie,False,True
2018-02-26 21:05:21,alexandre,True,False
2018-03-09 14:55:32,charlotte,False,True
2018-03-19 16:27:26,thomas,True,False
2018-03-20 21:19:23,paul,True,False
2018-03-23 14:28:54,maxence,True,False
2018-03-24 11:06:05,steven,True,False
2018-03-24 13:20:03,eddy,True,False
2018-03-24 14:19:08,florian,True,False
2018-03-24 17:51:16,anne-laure,False,True
2018-03-28 07:36:16,robin,True,False
2018-04-03 18:13:07,thibault,True,False
2018-04-03 20:47:15,dimitris,True,False
2018-04-05 09:11:13,sandy,False,True
2018-04-09 21:18:24,charly,True,False
2018-05-02 17:25:18,flavien,True,False
2018-05-21 20:00:02,karine,False,True
2018-06-29 16:41:09,adrien,True,False
2018-07-09 06:32:15,salome,False,True
2018-07-11 16:44:29,jean,True,False
2018-07-13 11:33:41,tom,True,False
2018-08-14 07:25:32,gaetan,True,False
2018-08-19 21:10:15,romane,False,True
2018-08-22 13:01:54,fred,False,True
2018-08-25 00:43:23,thomas,True,False
2018-08-28 16:24:09,audrey,False,True
2018-08-28 17:05:31,daniel,True,False
2018-08-29 06:06:56,maud,False,True
2018-08-30 13:57:57,pauline,False,True
2018-09-17 14:55:17,elena,False,True
2018-09-18 20:01:26,camille,False,True
2018-09-30 11:47:34,marie,False,True
2018-10-02 17:39:45,laura,False,True
2018-10-05 09:22:45,cyril,True,False
2018-10-11 16:04:59,laure,False,True
2018-10-29 04:51:26,cyril,True,False
2018-11-15 18:03:59,marie-pierre,False,True
2018-11-15 18:32:30,tom,True,False
2018-12-07 21:11:22,nicolas,True,False
2018-12-20 12:59:39,pierre,True,False
2018-12-20 18:30:49,mathilde,False,True
2018-12-22 18:33:08,pauline,False,True
2019-01-04 14:53:55,kevin,True,False
2019-02-03 21:50:38,julie,False,True
2019-02-11 12:44:01,chloe,False,True
2019-02-14 19:47:33,anthony,True,False
2019-02-15 13:30:50,manu,True,False
2019-02-16 19:24:23,laure,False,True
2019-02-21 14:16:53,gwendoline,False,True
2019-02-23 13:58:51,sylvain,True,False
2019-04-27 12:25:51,sabine,False,True
2019-05-07 07:11:29,gabriel,True,False
2019-05-07 07:12:03,alexandre,True,False
2019-05-07 07:13:17,diane,False,True
2019-05-07 07:13:31,antoine,True,False
2019-05-07 07:56:08,cecilia,False,True
2019-05-07 11:04:34,stephane,True,False
2019-05-09 07:20:10,uwe,True,False
2019-05-28 16:53:01,eleonore,False,True
2019-06-09 19:48:50,victor,True,False
2019-06-12 05:56:55,marine,False,True
2019-06-14 05:52:28,louis,True,False
2019-06-16 12:30:07,margaux,False,True
2019-06-17 07:51:50,jeanne,False,True
2019-08-13 13:22:39,louise,False,True
2019-09-07 14:39:21,fengli,True,False
2019-09-15 12:02:02,cesar,True,False
2019-09-30 11:13:42,william,True,False
2020-01-15 08:14:10,mathilde,False,True
2020-02-08 09:56:50,jeanne,False,True
2020-02-20 15:49:37,elsa,False,True
2020-02-20 17:44:17,pierre,True,False
2020-02-22 00:18:47,jo,True,False
2020-02-26 07:40:28,paul,True,False
2020-02-26 17:08:22,chiara,False,True
2020-03-03 09:47:03,robin,True,False
2020-03-11 06:22:22,quentin,True,False
2020-03-13 11:02:21,alexis,True,False
2020-03-28 20:08:09,nizar,True,False
2020-03-31 12:19:49,djena,False,True
2020-04-02 15:26:41,marc-antoine,True,False
2020-04-02 15:38:17,lucie,False,True
2020-04-03 12:49:36,agnes,False,True
2020-04-07 11:18:08,edouard,True,False
